{
    "total_runtime": 49.31440591812134,
    "num_documents": 1,
    "input_load_time": 0,
    "workflows": {
        "create_base_text_units": {
            "overall": 0.20614194869995117,
            "0_orderby": 0.0041620731353759766,
            "1_zip": 0.002502918243408203,
            "2_aggregate_override": 0.03705787658691406,
            "3_chunk": 0.13164782524108887,
            "4_select": 0.002813100814819336,
            "5_unroll": 0.004614830017089844,
            "6_rename": 0.002454042434692383,
            "7_genid": 0.003366231918334961,
            "8_unzip": 0.0030159950256347656,
            "9_copy": 0.002840280532836914,
            "10_filter": 0.010339975357055664
        },
        "create_base_extracted_entities": {
            "overall": 19.328745365142822,
            "0_entity_extract": 19.30700993537903,
            "1_merge_graphs": 0.01867198944091797
        },
        "create_summarized_entities": {
            "overall": 6.7412497997283936,
            "0_summarize_descriptions": 6.738033056259155
        },
        "create_base_entity_graph": {
            "overall": 0.020876169204711914,
            "0_cluster_graph": 0.013112068176269531,
            "1_select": 0.004263877868652344
        },
        "create_final_entities": {
            "overall": 1.1460239887237549,
            "0_unpack_graph": 0.005560159683227539,
            "1_rename": 0.004540920257568359,
            "2_select": 0.00551915168762207,
            "3_dedupe": 0.00640106201171875,
            "4_rename": 0.005270957946777344,
            "5_filter": 0.012900114059448242,
            "6_text_split": 0.006402015686035156,
            "7_drop": 0.006272077560424805,
            "8_merge": 0.009555816650390625,
            "9_text_embed": 1.0522828102111816,
            "10_drop": 0.008442878723144531,
            "11_filter": 0.0187680721282959
        },
        "create_final_nodes": {
            "overall": 0.12552404403686523,
            "0_layout_graph": 0.011986255645751953,
            "1_unpack_graph": 0.007848978042602539,
            "2_unpack_graph": 0.009427785873413086,
            "3_filter": 0.016236066818237305,
            "4_drop": 0.0070459842681884766,
            "5_select": 0.008285999298095703,
            "6_rename": 0.008052825927734375,
            "7_convert": 0.029513120651245117,
            "8_join": 0.013274192810058594,
            "9_rename": 0.007843971252441406
        },
        "create_final_communities": {
            "overall": 0.22902822494506836,
            "0_unpack_graph": 0.009213924407958984,
            "1_unpack_graph": 0.009162187576293945,
            "2_aggregate_override": 0.044634103775024414,
            "3_join": 0.017194032669067383,
            "4_join": 0.01211404800415039,
            "5_concat": 0.008906126022338867,
            "6_filter": 0.020897865295410156,
            "7_aggregate_override": 0.011441946029663086,
            "8_join": 0.012830018997192383,
            "9_filter": 0.03358793258666992,
            "10_fill": 0.009655952453613281,
            "11_merge": 0.011614084243774414,
            "12_copy": 0.010261058807373047,
            "13_select": 0.009975194931030273
        },
        "join_text_units_to_entity_ids": {
            "overall": 0.04314708709716797,
            "0_select": 0.010236263275146484,
            "1_unroll": 0.011699914932250977,
            "2_aggregate_override": 0.011604070663452148
        },
        "create_final_relationships": {
            "overall": 0.17461729049682617,
            "0_unpack_graph": 0.012707233428955078,
            "1_filter": 0.023894071578979492,
            "2_rename": 0.011511087417602539,
            "3_filter": 0.026942014694213867,
            "4_drop": 0.014553070068359375,
            "5_compute_edge_combined_degree": 0.014235973358154297,
            "6_convert": 0.024179935455322266,
            "7_convert": 0.03653407096862793
        },
        "join_text_units_to_relationship_ids": {
            "overall": 0.06347298622131348,
            "0_select": 0.011886119842529297,
            "1_unroll": 0.012461185455322266,
            "2_aggregate_override": 0.014478921890258789,
            "3_select": 0.013287782669067383
        },
        "create_final_community_reports": {
            "overall": 19.372120141983032,
            "0_prepare_community_reports_nodes": 0.013787269592285156,
            "1_prepare_community_reports_edges": 0.01383829116821289,
            "2_restore_community_hierarchy": 0.015170097351074219,
            "3_prepare_community_reports": 0.029640913009643555,
            "4_create_community_reports": 19.268321752548218,
            "5_window": 0.01906418800354004
        },
        "create_final_text_units": {
            "overall": 0.10835981369018555,
            "0_select": 0.014353275299072266,
            "1_rename": 0.014084815979003906,
            "2_join": 0.01720118522644043,
            "3_join": 0.017551898956298828,
            "4_aggregate_override": 0.017030954360961914,
            "5_select": 0.015034914016723633
        },
        "create_base_documents": {
            "overall": 0.16801714897155762,
            "0_unroll": 0.016396045684814453,
            "1_select": 0.015843868255615234,
            "2_rename": 0.015902280807495117,
            "3_join": 0.018928050994873047,
            "4_aggregate_override": 0.01707005500793457,
            "5_join": 0.019620895385742188,
            "6_rename": 0.01635909080505371,
            "7_convert": 0.033334970474243164
        },
        "create_final_documents": {
            "overall": 0.03371906280517578,
            "0_rename": 0.01695704460144043
        }
    }
}