{
    "total_runtime": 52.70649814605713,
    "num_documents": 1,
    "input_load_time": 0,
    "workflows": {
        "create_base_text_units": {
            "overall": 0.16028118133544922,
            "0_orderby": 0.0014820098876953125,
            "1_zip": 0.0016679763793945312,
            "2_aggregate_override": 0.004086017608642578,
            "3_chunk": 0.12239670753479004,
            "4_select": 0.002107858657836914,
            "5_unroll": 0.005820035934448242,
            "6_rename": 0.002434253692626953,
            "7_genid": 0.0025091171264648438,
            "8_unzip": 0.002905130386352539,
            "9_copy": 0.003560781478881836,
            "10_filter": 0.009959936141967773
        },
        "create_base_extracted_entities": {
            "overall": 15.288669109344482,
            "0_entity_extract": 15.268748044967651,
            "1_merge_graphs": 0.016715049743652344
        },
        "create_final_covariates": {
            "overall": 12.203691959381104,
            "0_extract_covariates": 12.151975393295288,
            "1_window": 0.00981903076171875,
            "2_genid": 0.009273052215576172,
            "3_convert": 0.01548624038696289,
            "4_rename": 0.0071659088134765625,
            "5_select": 0.006443023681640625
        },
        "create_summarized_entities": {
            "overall": 6.6844940185546875,
            "0_summarize_descriptions": 6.680320739746094
        },
        "join_text_units_to_covariate_ids": {
            "overall": 0.019520044326782227,
            "0_select": 0.005333900451660156,
            "1_aggregate_override": 0.009696006774902344
        },
        "create_base_entity_graph": {
            "overall": 0.024742841720581055,
            "0_cluster_graph": 0.013689279556274414,
            "1_select": 0.006154060363769531
        },
        "create_final_entities": {
            "overall": 1.0534892082214355,
            "0_unpack_graph": 0.00701904296875,
            "1_rename": 0.006654977798461914,
            "2_select": 0.006247043609619141,
            "3_dedupe": 0.006685972213745117,
            "4_rename": 0.006198883056640625,
            "5_filter": 0.014819145202636719,
            "6_text_split": 0.007114887237548828,
            "7_drop": 0.0078122615814208984,
            "8_merge": 0.00979304313659668,
            "9_text_embed": 0.9484150409698486,
            "10_drop": 0.00844120979309082,
            "11_filter": 0.01887202262878418
        },
        "create_final_nodes": {
            "overall": 0.13924193382263184,
            "0_layout_graph": 0.012921810150146484,
            "1_unpack_graph": 0.009757757186889648,
            "2_unpack_graph": 0.010039091110229492,
            "3_filter": 0.018377304077148438,
            "4_drop": 0.009045124053955078,
            "5_select": 0.008433818817138672,
            "6_rename": 0.009164571762084961,
            "7_join": 0.01336812973022461,
            "8_convert": 0.031013965606689453,
            "9_rename": 0.009922027587890625
        },
        "create_final_communities": {
            "overall": 0.2061760425567627,
            "0_unpack_graph": 0.010959863662719727,
            "1_unpack_graph": 0.010532855987548828,
            "2_aggregate_override": 0.011437177658081055,
            "3_join": 0.013163089752197266,
            "4_join": 0.012930154800415039,
            "5_concat": 0.010707855224609375,
            "6_filter": 0.023806095123291016,
            "7_aggregate_override": 0.011881828308105469,
            "8_join": 0.01404881477355957,
            "9_filter": 0.024869203567504883,
            "10_fill": 0.011066198348999023,
            "11_merge": 0.0123138427734375,
            "12_copy": 0.011727333068847656,
            "13_select": 0.017870187759399414
        },
        "join_text_units_to_entity_ids": {
            "overall": 0.04817795753479004,
            "0_select": 0.011403083801269531,
            "1_unroll": 0.012521028518676758,
            "2_aggregate_override": 0.013421058654785156
        },
        "create_final_relationships": {
            "overall": 0.16150784492492676,
            "0_unpack_graph": 0.013283014297485352,
            "1_filter": 0.02730107307434082,
            "2_rename": 0.013569116592407227,
            "3_filter": 0.027256011962890625,
            "4_drop": 0.013192892074584961,
            "5_compute_edge_combined_degree": 0.015045881271362305,
            "6_convert": 0.027077913284301758,
            "7_convert": 0.013131856918334961
        },
        "join_text_units_to_relationship_ids": {
            "overall": 0.08860921859741211,
            "0_select": 0.01393890380859375,
            "1_unroll": 0.014286041259765625,
            "2_aggregate_override": 0.015657901763916016,
            "3_select": 0.03201603889465332
        },
        "create_final_community_reports": {
            "overall": 14.534783124923706,
            "0_prepare_community_reports_nodes": 0.014979124069213867,
            "1_prepare_community_reports_edges": 0.015104055404663086,
            "2_prepare_community_reports_claims": 0.015604019165039062,
            "3_restore_community_hierarchy": 0.0167999267578125,
            "4_prepare_community_reports": 0.030564069747924805,
            "5_create_community_reports": 14.403280973434448,
            "6_window": 0.024865150451660156
        },
        "create_final_text_units": {
            "overall": 0.1537773609161377,
            "0_select": 0.015393733978271484,
            "1_rename": 0.015604257583618164,
            "2_join": 0.018549203872680664,
            "3_join": 0.019024133682250977,
            "4_join": 0.01920318603515625,
            "5_aggregate_override": 0.025330781936645508,
            "6_select": 0.026198863983154297
        },
        "create_base_documents": {
            "overall": 0.18635201454162598,
            "0_unroll": 0.017628908157348633,
            "1_select": 0.017505884170532227,
            "2_rename": 0.017531871795654297,
            "3_join": 0.01976299285888672,
            "4_aggregate_override": 0.018499135971069336,
            "5_join": 0.021126985549926758,
            "6_rename": 0.019663095474243164,
            "7_convert": 0.03881406784057617
        },
        "create_final_documents": {
            "overall": 0.0362091064453125,
            "0_rename": 0.01886272430419922
        }
    }
}